DISTRIBUIDOR,Región,NOMBRE DEL DISTRIBUIDOR - SUCURSAL,SITIO WEB / Landing,ESTADO,CIUDAD - MUNICIPIO,DIRECCIÓN,CP,TELÉFONO WHATSAPP BUSINESS,,,,SUBIO ALEJANDRO
Jasman Automotriz,Norte,Jasman Automotriz - Suc. Alamedas 2,https://www.jasman.com.mx/,Edo. Méx.,Atizapán de Zaragoza,"Blvd. Adolfo López Mateos No.96,Jardínez De Atizapan,Atizapán De Zaragoza,Edo. Mex. 52978",52978,55 4761 1468,,ok,SERVIICIOS Y FACHADA,
Jasman Automotriz,Oriente,Jasman Automotriz - Suc. Cuautla,https://www.jasman.com.mx/,Morelos,Cuautla,"San Martin #45  Col. Centro Cuautla, Morelos C.P. 62740",62740,55 4192 2379,,,SERVIICIOS Y FACHADA,
Jasman Automotriz,Norte,Jasman Automotriz - Suc. Azcapotzalco,https://www.jasman.com.mx/,CDMX,Azcapotzalco,"San Isidro #260 Esq. Santiago Ahuizotla Col. San Pedro Xalpa  Azcapotzalco, CDMX C.P. 02710",2710,5591087168,,,SERVIICIOS Y FACHADA,
Jasman Automotriz,Poniente,Jasman Automotriz - Suc. Santa Fe,https://www.jasman.com.mx/,CDMX,Álvaro Obregón,"Prolongación Paseo De La Reforma #71  Col. Paseo De Las Lomas Álvaro Obregón, CDMX C.P. 01330",1330,5580226602,,,SERVIICIOS Y FACHADA,
Jasman Automotriz,Michoacan,Jasman Automotriz - Suc. Camelinas,https://www.jasman.com.mx/,Michoacán,Morelia,"Periferico Paseo De La Republica No. 3255,Poblado Ocolusen ,Morelia, Michoacán CP 58270",58270,4433958945,,,SERVIICIOS Y FACHADA,
Jasman Automotriz,Michoacan,Jasman Automotriz - Suc. Huertas,https://www.jasman.com.mx/,Michoacán,Morelia,"Calle Ganadería De Atenco No. 246 A, Esquina Con Avenida Rector Hidalgo ,Fraccionamiento Jardínes Del Toreo, Morelia, Michoacán CP 58049",58049,443 471 9777,,,SERVIICIOS Y FACHADA,
Jasman Automotriz,Sur,Jasman Automotriz - Suc. Chabacano,https://www.jasman.com.mx/,CDMX,Tlalpan,"Oriente 67-A #2803 Esq. Eje 3 Sur  Col. Asturias Cuauhtémoc, Cdmx C.P. 06850",6850,55 4350 0820,,,SERVIICIOS Y FACHADA,
Jasman Automotriz,Oriente,Jasman Automotriz - Suc. Aeropuerto,https://www.jasman.com.mx/,CDMX,Venustiano Carranza,"Oriente 138 #139 Esq. Norte 1  Col. Moctezuma 2A. Sección Venustiano Carranza, CDMX C.P. 15530",15530,55 2241 4093,,,SERVIICIOS Y FACHADA,
Jasman Automotriz,Poniente,Jasman Automotriz - Suc. Mariano Escobedo,https://www.jasman.com.mx/,CDMX,Miguel Hidalgo,"Mariano Escobedo #18 Col. Popotla Miguel Hidalgo, CDMX C.P. 11400",11400,5543931885,,,seRVIICIOS Y FACHADA,
Jasman Automotriz,Sur,Jasman Automotriz - Suc. Revolución,https://www.jasman.com.mx/,CDMX,Álvaro Obregón,"María Luisa #5 Esq. Revolución Col. San Ángel Inn Álvaro Obregón, CDMX C.P. 01000",1000,5554539521,,,seRVIICIOS Y FACHADA,
Jasman Automotriz,Oriente,Jasman Automotriz - Suc. Texcoco Allende,https://www.jasman.com.mx/,Edo. Méx.,Texcoco,"Ignacio Allende #310 Col. San Juan De Dios Texcoco, Edo. Méx. C.P. 56120.",56120,55 4940 1859,,,seRVIICIOS Y FACHADA,
Jasman Automotriz,Bajio,Jasman Automotriz - Suc. Salamanca,https://www.jasman.com.mx/,Guanajuato,Salamanca,"Hortaliza #207 Col. Las Granjas  Salamanca, Guanajuato C.P. 36730",36730,464 640 3187,,,seRVIICIOS Y FACHADA,
Jasman Automotriz,Monterrey,Jasman Automotriz - Suc. Nuevo Laredo,https://www.jasman.com.mx/,Tamaulipas,Nuevo Laredo,"Héroe De Nacataz S/N Col. Centro Nuevo Laredo, Tamaulipas C.P. 88000",88000,8118151950,,fallada,seRVIICIOS Y FACHADA,
Jasman Automotriz,Oriente,Jasman Automotriz - Suc. Texcoco ,https://www.jasman.com.mx/,Edo. Méx.,Texcoco,"Fray Pedro De Gante #413 Col. San Mateo Texcoco, Edo. Méx. C.P. 56110",56110,5548336141,,,SERVIICIOS Y FACHADA,
Jasman Automotriz,Poniente,Jasman Automotriz - Suc. Toluca 1,https://www.jasman.com.mx/,Edo. Méx.,Toluca,"Filiberto Gómez #601 Col. Guadalupe Club Jardín Toluca, Edo. Méx. C.P. 50010",50010,5560918271,,,SERVIICIOS Y FACHADA,
Jasman Automotriz,Queretaro,Jasman Automotriz - Suc. Querétaro,https://www.jasman.com.mx/,Querétaro,Santiago de Querétaro,"Ezequiel Montes #164 Sur Col. El Carrizal Santiago de Querétaro, Querétaro C.P. 76030",76030,442 491 5515,,,SERVIICIOS Y FACHADA,
Jasman Automotriz,Oriente,Jasman Automotriz - Suc. Central De Abastos,https://www.jasman.com.mx/,CDMX,Iztapalapa,"Embarcadero #19 Esq. Marcelino Buendía Col. Central De Abastos Iztapalapa, CDMX C.P. 09310",9310,55 4800 6195,,,SERVIICIOS Y FACHADA,
Jasman Automotriz,Sur,Jasman Automotriz - Suc. Vertiz,https://www.jasman.com.mx/,CDMX,Benito Juárez,"Dr. José María Vertiz #1195 Col. Narvarte Benito Juárez, CDMX C.P. 03600",3600,55 4808 6066,xxxx no tiene wb,,SERVIICIOS Y FACHADA,
Jasman Automotriz,Poniente,Jasman Automotriz - Suc. Interlomas,https://www.jasman.com.mx/,Edo. Méx.,Naucalpan de Juárez,"Circuito Empresarial #4  Col. Centro Urbano San Fernando Huixquilucan, Edo. Méx. C.P. 52760",52760,5580401611,,,SERVIICIOS Y FACHADA,
Jasman Automotriz,Sur,Jasman Automotriz - Suc. Ajusco,https://www.jasman.com.mx/,CDMX,Tlalpan,"Carr. Picacho Ajusco #732  Col. Héroes De Padierna Tlalpan, CDMX C.P. 14200",14200,5543778228,,,SERVIICIOS Y FACHADA,
Jasman Automotriz,Bajio,Jasman Automotriz - Suc. Guanajuato,https://www.jasman.com.mx/,Guanajuato,Guanajuato,"Carr. Guanajuato-Juventino Rosas Km. 5 Col. Marfil Guanajuato, Guanajuato C.P. 36250",36250,4773266372,,,SERVIICIOS Y FACHADA,
Jasman Automotriz,Norte,Jasman Automotriz - Suc. Cuautitlán,https://www.jasman.com.mx/,Edo. Méx.,Cuautitlán Izcalli,"Carr. Cuautitlán-Melchor Ocampo #10 Col. Lázaro Cárdenas Cuautitlán Izcalli, Edo. Méx. C.P. 54800",54800,5543511367,,,serVIICIOS Y FACHADA,
Jasman Automotriz,Norte,Jasman Automotriz - Suc. Vallejo,https://www.jasman.com.mx/,CDMX,Gustavo A. Madero,"Calz. Vallejo #497 Col. Defensores De La Republica Gustavo A. Madero, CDMX C.P. 02600",2600,55 4822 1319,,,serVIICIOS Y FACHADA,
Jasman Automotriz,Guadalajara,Jasman Automotriz - Suc.Country Guadalajara,https://www.jasman.com.mx/,Jalisco,Guadalajara,"Av. Circunvalación Jorge Álvarez Del Castillo 1406,Lomas Del Country, Guadalajara, Jalisco, 44610",44610,3321845411,,,SERVIICIOS Y FACHADA,
Jasman Automotriz,Oriente,Jasman Automotriz - Suc. Iztapalapa,https://www.jasman.com.mx/,CDMX,Iztapalapa,"Calz. Ermita Iztapalapa #1613 Col. Santa Cruz Meyehualco Iztapalapa, CDMX C.P. 09700",9700,5522430313,,,SERVIICIOS Y FACHADA,
Jasman Automotriz,Guadalajara,Jasman Automotriz - Suc. Tepic,https://www.jasman.com.mx/,Nayarit,Tepic,"Blvd. Tepic-Xalisco Km. 1 #115 Col. Caja De Agua Tepic, Nayarit C.P. 63158",63158,3313329749,,,serVIICIOS Y FACHADA,
Jasman Automotriz,Bajio,Jasman Automotriz - Suc. Torres Landa,https://www.jasman.com.mx/,Guanajuato,León de los Aldama,"Blvd. Juan José Torres Landa #3404 Poniente Col. Granjas Campestres León de los Aldama, Guanajuato C.P. 37440",37440,4731201847,,,serVIICIOS Y FACHADA,
Jasman Automotriz,Bajio,Jasman Automotriz - Suc. Morelos,https://www.jasman.com.mx/,Guanajuato,León de los Aldama,"Blvd. José María Morelos #3631-Bis Col. Industrial Santa Julia De Jerez León de los Aldama, Guanajuato C.P. 37290",37290,4731201838,,,,
Jasman Automotriz,Bajio,Jasman Automotriz - Suc. Hidalgo,https://www.jasman.com.mx/,Guanajuato,León de los Aldama,"Blvd. Hidalgo #1114 Col. Fracc. Hidalgo  León de los Aldama, Guanajuato C.P. 37220",37220,4731201905,,,SERVIICIOS Y FACHADA,
Jasman Automotriz,Bajio,Jasman Automotriz - Suc. Irapuato,https://www.jasman.com.mx/,Guanajuato,Irapuato,"Blvd. Díaz Ordaz Esq. 16 De Septiembre Col. Centro Irapuato, Guanajuato C.P. 36500",36500,4621530279,,,,
Jasman Automotriz,Norte,Jasman Automotriz - Suc. Alamedas,https://www.jasman.com.mx/,Edo. Méx.,Atizapán de Zaragoza,"Blvd. Adolfo Ruiz Cortines #26 Col. Fracc. Las Alamedas Atizapán De Zaragoza, Edo. Méx. C.P. 52970",52970,5554538961,,,SERVIICIOS Y FACHADA,
Jasman Automotriz,Poniente,Jasman Automotriz - Suc. Yucatán,https://www.jasman.com.mx/,CDMX,Cuauhtémoc,"Av. Yucatán #42 Col. Roma Norte Cuauhtémoc, CDMX C.P. 06720",6720,5539612500,,,SERVIICIOS Y FACHADA,
Jasman Automotriz,Monterrey,Jasman Automotriz - Suc. Valle,https://www.jasman.com.mx/,Nuevo León,San Pedro Garza García,"Av. Vasconcelos #401-A Col. Del Valle San Pedro Garza García, Nuevo León C.P. 66220",66220,8128613469,,,SERVIICIOS Y FACHADA,
Jasman Automotriz,Oriente,Jasman Automotriz - Suc. Iztacalco,https://www.jasman.com.mx/,CDMX,Iztacalco,"Av. Te Esq. Trigo #61 Col. Granjas México Iztacalco, CDMX C.P. 08400",8400,5547591996,,,SERVIICIOS Y FACHADA,
Jasman Automotriz,Oriente,Jasman Automotriz - Suc. Nezahualcóyotl,https://www.jasman.com.mx/,Edo. Méx.,Nezahualcóyotl,"Av. Sor Juana Inés De La Cruz #283  Col. Nueva Evolución Nezahualcóyotl, Edo. Méx. C.P. 57700",57700,5543511137,,,,
Jasman Automotriz,Michoacan,Jasman Automotriz - Suc. Los Reyes Michoacán,https://www.jasman.com.mx/,Michoacán,Los Reyes,"Av. San Juan S/N Esq. Uriel Bravo Col. Santa Cecilia Los Reyes, Michoacán C.P. 60330",60330,3541001708,,,servuia ,
Jasman Automotriz,Sur,Jasman Automotriz - Suc. San Jerónimo,https://www.jasman.com.mx/,CDMX,Álvaro Obregón,"Av. San Jerónimo #630 Col. La Otra Banda Álvaro Obregón, CDMX C.P. 01090",1090,5517988763,NO DEJA ACTUALIZAR EL GPS,,,
Jasman Automotriz,Oriente,Jasman Automotriz - Suc. Los Reyes,https://www.jasman.com.mx/,Edo. Méx.,Los Reyes La Paz,"Av. San Francisco #131 Col. Floresta Los Reyes La Paz, Edo. Méx. C.P. 56400",56400,5543501609,,,SERVIICIOS Y FACHADA,
Jasman Automotriz,Guadalajara,Jasman Automotriz - Suc. Revolución Guadalajara,https://www.jasman.com.mx/,Jalisco,Guadalajara,"Av. Revolución #2585 Col. Jardines De La Paz Guadalajara, Jalisco C.P. 44860",44860,3313416363,,,,
Jasman Automotriz,Monterrey,Jasman Automotriz- Suc. Primavera,https://www.jasman.com.mx/,Nuevo León,Guadalupe,"Av. Primavera No. 400 Col. 3 Caminos Guadalupe, Nuevo León C.P. 67190",67190,8128613463,,,,
Jasman Automotriz,Poniente,Jasman Automotriz - Suc. Toluca Centro,https://www.jasman.com.mx/,Edo. Méx.,Toluca,"Av. Pino Suarez #800 Col. Cuauhtemoc Toluca, Edo. Méx. C.P. 50130",50130,5591096025,,,,
Jasman Automotriz,Guadalajara,Jasman Automotriz - Suc. Patria,https://www.jasman.com.mx/,Jalisco,Zapopan,"Av. Patria #613 Col. Jardines De Guadalupe Zapopan, Jalisco C.P. 45030",45030,3313297348,,,,
Jasman Automotriz,Monterrey,Jasman Automotriz - Suc. Linda Vista,https://www.jasman.com.mx/,Nuevo León,Guadalupe,"Av. Miguel Alemán #4418 Ote. Col. Linda Vista Guadalupe, Nuevo León C.P. 67123",67123,8128612747,,,,
Jasman Automotriz,Poniente,Jasman Automotriz - Suc. Polanco,https://www.jasman.com.mx/,CDMX,Miguel Hidalgo,"Av. Mariano Escobedo #551 Col. Rincón Del Bosque Miguel Hidalgo, CDMX C.P. 11580",11580,5548006110,,,,
Jasman Automotriz,Monterrey,Jasman Automotriz - Suc. Abastos,https://www.jasman.com.mx/,Nuevo León,Monterrey,"Av. Los Ángeles #2200 Col. Mariano Escobedo Monterrey, Nuevo León C.P. 65410",65410,8128613465,,,,
Jasman Automotriz,Guadalajara,Jasman Automotriz - Suc. Gonzalez Gallo,https://www.jasman.com.mx/,Jalisco,Guadalajara,"Calzada González Gallo No. 1991, Atlas, Guadalajara, Jalisco, CP 44870",44870,3321727072,,,,
Jasman Automotriz,Norte,Jasman Automotriz - Suc. Lomas Verdes,https://www.jasman.com.mx/,Edo. Méx.,Naucalpan de Juárez,"Av. Lomas Verdes #407 Col. Lomas Verdes Naucalpan De Juárez, Edo. Méx. C.P. 53120",53120,5554539017,,ok,SERVIICIOS Y FACHADA,
Jasman Automotriz,Michoacan,Jasman Automotriz - Suc. Zamora Juárez,https://www.jasman.com.mx/,Michoacán,Zamora,"Av. Juárez #57 Oriente Col. Centro Zamora, Michoacán C.P. 59600",59600,3316130840,,,SERVIICIOS Y FACHADA,
Jasman Automotriz,Guadalajara,Jasman Automotriz - Suc. Javier Mina,https://www.jasman.com.mx/,Jalisco,Guadalajara,"Av. Francisco Javier Mina N° 1395, La Penal, 44730 Guadalajara, Jal.",44730,3313378900,,,SERVIICIOS Y FACHADA,
Jasman Automotriz,Monterrey,Jasman Automotriz - Suc. San Nicolás,https://www.jasman.com.mx/,Nuevo León,San Nicolás de los Garza,"Av. Fray Bartolomé De Las Casas #107 Col. Roble Norte San Nicolás De Los Garza, Nuevo León C.P. 66420",66420,8128613441,sin telefono,,SERVIICIOS Y FACHADA,
Jasman Automotriz,Oriente,Jasman Automotriz - Suc. Chalco,https://www.jasman.com.mx/,Edo. Méx.,Chalco,"Av. Cuauhtémoc S/N Col. San Miguel Jacalones Chalco, Edo. Méx. C.P. 56600",56600,5543513079,xxxx no esta el num,,SERVIICIOS Y FACHADA,
Jasman Automotriz,Monterrey,Jasman Automotriz - Suc. Chapultepec,https://www.jasman.com.mx/,Nuevo León,Monterrey,"Av. Chapultepec #1707 Col. Buenos Aires Monterrey, Nuevo León C.P. 64800",64800,8128612734,,,SERVIICIOS Y FACHADA,
Jasman Automotriz,Oriente,Jasman Automotriz - Suc. Aragón,https://www.jasman.com.mx/,Edo. Méx.,Nezahualcóyotl,"Av. Central #259 Col. Bosques De Aragón Nezahualcóyotl, Edo. Méx. C.P. 57170",57170,5554579424,,,,
Jasman Automotriz,Sur,Jasman Automotriz - Suc. Portales,https://www.jasman.com.mx/,CDMX,Benito Juárez,"Eje Central Lazaro Cardenas No.309, Portales, Benito Juárez, CDMX, 03300",3300,5546093880,,,foto sucursal,
Jasman Automotriz,Guadalajara,Jasman Automotriz - Suc. Américas,https://www.jasman.com.mx/,Jalisco,Guadalajara,"Av. Américas #121 Col. Ladrón De Guevara Guadalajara, Jalisco C.P. 44600",44600,3313369157,xxx no esta el num,xxxxxxxxxxxxxx,SERVIICIOS Y FACHADA,
Jasman Automotriz,Norte,Jasman Automotriz - Suc. Pachuca,https://www.jasman.com.mx/,Hidaglo,Pachuca de Soto,"Av. Alta Tensión #109 Col. Santa Julia Pachuca De Soto, Hidalgo C.P. 42080",42080,5543754384,,ok,SERVIICIOS Y FACHADA,
Jasman Automotriz,Monterrey,Jasman Automotriz- Suc. Universidad,https://www.jasman.com.mx/,Nuevo León,Monterrey,"Av. Alfonso Reyes #3339 Col. Regina Monterrey, Nuevo León C.P. 64290",64290,8128613474,,,SERVIICIOS Y FACHADA,
Jasman Automotriz,Monterrey,Jasman Automotriz - Suc. Lincoln,https://www.jasman.com.mx/,Nuevo León,Monterrey,"Av. Abraham Lincoln #7305 Col. Plutarco Elías Calles Monterrey, Nuevo León C.P. 64108",64108,8128613458,,,,
Jasman Automotriz,Sur,Jasman Automotriz - Suc. Miramontes,https://www.jasman.com.mx/,CDMX,Coyoacán,"Agave #2 Esq. Canal De Miramontes Col. Jardines De Coyoacán Coyoacán, CDMX C.P. 04890",4890,5543508755,,,,
Jasman Automotriz,Norte,Jasman Automotriz - Suc. Azcapotzalco 2,https://www.jasman.com.mx/,CDMX,Azcapotzalco,"Aquiles Serdan No. 282., La Preciosa, Azcapotzalco, CDMX, 02460",2460,5547615234,,ok,SERVIICIOS Y FACHADA,
Jasman Automotriz,Norte,Jasman Automotriz - Suc. Naucalpan,https://www.jasman.com.mx/,Edo. Méx.,Naucalpan de Juárez,"Av. Adolfo Lopez Mateos No.15,Bosques De Moctezuma, Naucalpan De Juárez, Edo. Mex. 53279",53279,5562948747,,,,
Jasman Automotriz,Norte,Jasman Automotriz -Suc. Tlalnepantla,https://www.jasman.com.mx/,Edo. Méx.,Tlalnepantla De Baz,"Viveros De La Hacienda No.12 ,Víveros Del Valle, Tlalnepantla, Edo. Mex. 54060",54060,5525882028,,,,
Jasman Automotriz,Guadalajara,Jasman Automotriz - Suc. La Paz,https://www.jasman.com.mx/,Jalisco,Guadalajara,"Av. De La Paz 1490,Americana, Guadalajara ,Jalisco CP 44160",44160,3321848809,xxx no esta el num,xxxxxxxxxxxxxx,SERVIICIOS Y FACHADA,
Jasman Automotriz,Guadalajara,Jasman Automotriz - Suc. Providencia,https://www.jasman.com.mx/,Jalisco,Guadalajara,"Av Pablo Neruda 3051,4A Sección, Guadalajara, Jalisco 44630",44630,3321541777,,,,
Jasman Automotriz,Queretaro,Jasman Automotriz - Suc. Constituyentes,https://www.jasman.com.mx/,Querétaro,Santiago de Querétaro,"Av. Constituyentes 222 Pte, Casa Blanca, , Santiago De Querétaro, Querétaro, 76000",76000,4423945995,SUCURSAL DUPLICADA,,,
Jasman Automotriz,Queretaro,Jasman Automotriz - Suc. Américas,https://www.jasman.com.mx/,Querétaro,Santiago de Querétaro,"Av Constituyentes Ote. 54, El Marques, Santiago De Querétaro, Querétaro CP 76047",76047,4421904829,,,SERVIICIOS Y FACHADA,
Jasman Automotriz,Queretaro,Jasman Automotriz - Suc. Mega Estadio,https://www.jasman.com.mx/,Querétaro,Santiago de Querétaro,"Av. Luis Vega Monrroy 1300-Local 12, Plazas Del Sol 2Da Secc, 76090 Santiago De Querétaro, Querétaro CP 76090",76090,4423130977,,,SERVIICIOS Y FACHADA,
Jasman Automotriz,Queretaro,Jasman Automotriz - Suc. Juriquilla,https://www.jasman.com.mx/,Querétaro,Santiago de Querétaro,"P.º De La República Km 10+400, Centro, Santiago De Querétaro, Querétaro. CP 76127",76127,4424790735,,,SERVIICIOS Y FACHADA,
Jasman Automotriz,Queretaro,Jasman Automotriz - Suc. San Juan del Rio,https://www.jasman.com.mx/,Querétaro,San Juan del Río,"Panamericana 75, Ramos Millan, San Juan Del Río, Querétaro. CP 76800",76800,4421904882,,,,
Jasman Automotriz,Queretaro,Jasman Automotriz - Suc. Celaya,https://www.jasman.com.mx/,Guanajuato,Celaya,"Aguilar Y Maya 110-Pte, Alameda, Celaya, Guanajuato. CP 38048",38048,4424790761,,,,
Jasman Automotriz,Sur,Jasman Automotriz - Suc. Av Toluca,https://www.jasman.com.mx/,CDMX,Alvaro Obregon,"Av Toluca 223, Olivar de los Padres, Álvaro Obregón, 01780 Ciudad de México, CDMX",1780,55 7961 8368,,,SERVIICIOS Y FACHADA,